[1,["14Tv6ud8FPka1hqUGf9V/+"],["spriteFrame"],[["cc.BitmapFont",["_name","fontSize","_fntConfig"],0]],[[0,0,1,2,4]],[[0,"yellow",32,{"commonHeight":40,"fontSize":32,"atlasName":"yellow.png","fontDefDictionary":{"9":{"xOffset":0,"yOffset":0,"xAdvance":80,"rect":{"x":0,"y":0,"width":0,"height":0}},"32":{"xOffset":0,"yOffset":0,"xAdvance":10,"rect":{"x":0,"y":0,"width":0,"height":0}},"33":{"xOffset":0,"yOffset":12,"xAdvance":11,"rect":{"x":411,"y":332,"width":10,"height":28}},"34":{"xOffset":0,"yOffset":12,"xAdvance":18,"rect":{"x":20,"y":410,"width":17,"height":13}},"35":{"xOffset":0,"yOffset":14,"xAdvance":23,"rect":{"x":293,"y":399,"width":22,"height":24}},"36":{"xOffset":0,"yOffset":10,"xAdvance":20,"rect":{"x":360,"y":149,"width":19,"height":32}},"37":{"xOffset":0,"yOffset":12,"xAdvance":30,"rect":{"x":0,"y":285,"width":29,"height":28}},"38":{"xOffset":0,"yOffset":12,"xAdvance":27,"rect":{"x":90,"y":396,"width":26,"height":28}},"39":{"xOffset":0,"yOffset":12,"xAdvance":10,"rect":{"x":223,"y":208,"width":9,"height":14}},"40":{"xOffset":0,"yOffset":12,"xAdvance":17,"rect":{"x":396,"y":385,"width":16,"height":37}},"41":{"xOffset":0,"yOffset":12,"xAdvance":17,"rect":{"x":380,"y":221,"width":16,"height":37}},"42":{"xOffset":0,"yOffset":12,"xAdvance":20,"rect":{"x":360,"y":269,"width":19,"height":17}},"43":{"xOffset":0,"yOffset":20,"xAdvance":22,"rect":{"x":317,"y":208,"width":21,"height":20}},"44":{"xOffset":0,"yOffset":31,"xAdvance":10,"rect":{"x":222,"y":263,"width":9,"height":14}},"45":{"xOffset":0,"yOffset":24,"xAdvance":14,"rect":{"x":38,"y":410,"width":13,"height":9}},"46":{"xOffset":0,"yOffset":31,"xAdvance":10,"rect":{"x":221,"y":414,"width":9,"height":9}},"47":{"xOffset":0,"yOffset":12,"xAdvance":20,"rect":{"x":360,"y":316,"width":19,"height":31}},"48":{"xOffset":0,"yOffset":12,"xAdvance":23,"rect":{"x":316,"y":289,"width":22,"height":28}},"49":{"xOffset":0,"yOffset":12,"xAdvance":15,"rect":{"x":397,"y":228,"width":14,"height":28}},"50":{"xOffset":0,"yOffset":12,"xAdvance":22,"rect":{"x":318,"y":46,"width":21,"height":28}},"51":{"xOffset":0,"yOffset":12,"xAdvance":22,"rect":{"x":318,"y":75,"width":21,"height":28}},"52":{"xOffset":0,"yOffset":12,"xAdvance":24,"rect":{"x":269,"y":368,"width":23,"height":28}},"53":{"xOffset":0,"yOffset":12,"xAdvance":23,"rect":{"x":316,"y":318,"width":22,"height":28}},"54":{"xOffset":0,"yOffset":12,"xAdvance":24,"rect":{"x":270,"y":200,"width":23,"height":28}},"55":{"xOffset":0,"yOffset":12,"xAdvance":20,"rect":{"x":360,"y":287,"width":19,"height":28}},"56":{"xOffset":0,"yOffset":12,"xAdvance":22,"rect":{"x":339,"y":208,"width":21,"height":28}},"57":{"xOffset":0,"yOffset":12,"xAdvance":24,"rect":{"x":271,"y":0,"width":23,"height":28}},"58":{"xOffset":0,"yOffset":18,"xAdvance":10,"rect":{"x":397,"y":361,"width":9,"height":22}},"59":{"xOffset":0,"yOffset":18,"xAdvance":10,"rect":{"x":411,"y":133,"width":9,"height":27}},"60":{"xOffset":0,"yOffset":19,"xAdvance":22,"rect":{"x":318,"y":23,"width":21,"height":22}},"61":{"xOffset":0,"yOffset":21,"xAdvance":22,"rect":{"x":198,"y":225,"width":21,"height":18}},"62":{"xOffset":0,"yOffset":19,"xAdvance":22,"rect":{"x":318,"y":0,"width":21,"height":22}},"63":{"xOffset":0,"yOffset":12,"xAdvance":22,"rect":{"x":318,"y":133,"width":21,"height":28}},"64":{"xOffset":0,"yOffset":12,"xAdvance":29,"rect":{"x":61,"y":108,"width":28,"height":28}},"65":{"xOffset":0,"yOffset":12,"xAdvance":29,"rect":{"x":31,"y":141,"width":28,"height":28}},"66":{"xOffset":0,"yOffset":12,"xAdvance":23,"rect":{"x":316,"y":386,"width":22,"height":28}},"67":{"xOffset":0,"yOffset":12,"xAdvance":30,"rect":{"x":30,"y":381,"width":29,"height":28}},"68":{"xOffset":0,"yOffset":12,"xAdvance":26,"rect":{"x":36,"y":0,"width":25,"height":28}},"69":{"xOffset":0,"yOffset":12,"xAdvance":18,"rect":{"x":361,"y":72,"width":17,"height":28}},"70":{"xOffset":0,"yOffset":12,"xAdvance":18,"rect":{"x":361,"y":0,"width":17,"height":28}},"71":{"xOffset":0,"yOffset":12,"xAdvance":31,"rect":{"x":0,"y":145,"width":30,"height":28}},"72":{"xOffset":0,"yOffset":12,"xAdvance":25,"rect":{"x":148,"y":111,"width":24,"height":28}},"73":{"xOffset":0,"yOffset":12,"xAdvance":11,"rect":{"x":411,"y":72,"width":10,"height":28}},"74":{"xOffset":0,"yOffset":12,"xAdvance":21,"rect":{"x":339,"y":269,"width":20,"height":28}},"75":{"xOffset":0,"yOffset":12,"xAdvance":25,"rect":{"x":172,"y":250,"width":24,"height":28}},"76":{"xOffset":0,"yOffset":12,"xAdvance":18,"rect":{"x":360,"y":389,"width":17,"height":28}},"77":{"xOffset":0,"yOffset":12,"xAdvance":30,"rect":{"x":0,"y":343,"width":29,"height":28}},"78":{"xOffset":0,"yOffset":12,"xAdvance":25,"rect":{"x":145,"y":395,"width":24,"height":28}},"79":{"xOffset":0,"yOffset":12,"xAdvance":30,"rect":{"x":0,"y":314,"width":29,"height":28}},"80":{"xOffset":0,"yOffset":12,"xAdvance":23,"rect":{"x":295,"y":37,"width":22,"height":28}},"81":{"xOffset":0,"yOffset":12,"xAdvance":32,"rect":{"x":0,"y":52,"width":31,"height":28}},"82":{"xOffset":0,"yOffset":12,"xAdvance":23,"rect":{"x":293,"y":304,"width":22,"height":28}},"83":{"xOffset":0,"yOffset":12,"xAdvance":23,"rect":{"x":316,"y":260,"width":22,"height":28}},"84":{"xOffset":0,"yOffset":12,"xAdvance":21,"rect":{"x":339,"y":394,"width":20,"height":28}},"85":{"xOffset":0,"yOffset":12,"xAdvance":23,"rect":{"x":295,"y":66,"width":22,"height":28}},"86":{"xOffset":0,"yOffset":12,"xAdvance":28,"rect":{"x":62,"y":35,"width":27,"height":28}},"87":{"xOffset":0,"yOffset":12,"xAdvance":36,"rect":{"x":0,"y":0,"width":35,"height":28}},"88":{"xOffset":0,"yOffset":12,"xAdvance":29,"rect":{"x":32,"y":70,"width":28,"height":28}},"89":{"xOffset":0,"yOffset":12,"xAdvance":25,"rect":{"x":147,"y":250,"width":24,"height":28}},"90":{"xOffset":0,"yOffset":12,"xAdvance":20,"rect":{"x":340,"y":173,"width":19,"height":28}},"91":{"xOffset":0,"yOffset":12,"xAdvance":15,"rect":{"x":397,"y":257,"width":14,"height":37}},"92":{"xOffset":0,"yOffset":12,"xAdvance":20,"rect":{"x":360,"y":237,"width":19,"height":31}},"93":{"xOffset":0,"yOffset":12,"xAdvance":15,"rect":{"x":397,"y":190,"width":14,"height":37}},"94":{"xOffset":0,"yOffset":12,"xAdvance":22,"rect":{"x":295,"y":170,"width":21,"height":16}},"95":{"xOffset":0,"yOffset":39,"xAdvance":21,"rect":{"x":195,"y":419,"width":20,"height":5}},"96":{"xOffset":0,"yOffset":12,"xAdvance":10,"rect":{"x":232,"y":263,"width":9,"height":14}},"97":{"xOffset":0,"yOffset":18,"xAdvance":25,"rect":{"x":60,"y":401,"width":24,"height":23}},"98":{"xOffset":0,"yOffset":12,"xAdvance":24,"rect":{"x":271,"y":29,"width":23,"height":29}},"99":{"xOffset":0,"yOffset":18,"xAdvance":24,"rect":{"x":269,"y":397,"width":23,"height":22}},"100":{"xOffset":0,"yOffset":12,"xAdvance":24,"rect":{"x":269,"y":339,"width":23,"height":28}},"101":{"xOffset":0,"yOffset":18,"xAdvance":24,"rect":{"x":271,"y":88,"width":23,"height":22}},"102":{"xOffset":0,"yOffset":12,"xAdvance":14,"rect":{"x":397,"y":332,"width":13,"height":28}},"103":{"xOffset":0,"yOffset":18,"xAdvance":24,"rect":{"x":271,"y":111,"width":23,"height":30}},"104":{"xOffset":0,"yOffset":12,"xAdvance":21,"rect":{"x":339,"y":342,"width":20,"height":28}},"105":{"xOffset":0,"yOffset":12,"xAdvance":10,"rect":{"x":412,"y":190,"width":9,"height":28}},"106":{"xOffset":0,"yOffset":12,"xAdvance":13,"rect":{"x":398,"y":124,"width":12,"height":35}},"107":{"xOffset":0,"yOffset":12,"xAdvance":22,"rect":{"x":318,"y":104,"width":21,"height":28}},"108":{"xOffset":0,"yOffset":12,"xAdvance":10,"rect":{"x":412,"y":219,"width":9,"height":28}},"109":{"xOffset":0,"yOffset":18,"xAdvance":32,"rect":{"x":0,"y":81,"width":31,"height":22}},"110":{"xOffset":0,"yOffset":18,"xAdvance":21,"rect":{"x":339,"y":371,"width":20,"height":22}},"111":{"xOffset":0,"yOffset":18,"xAdvance":24,"rect":{"x":271,"y":142,"width":23,"height":22}},"112":{"xOffset":0,"yOffset":18,"xAdvance":24,"rect":{"x":271,"y":165,"width":23,"height":28}},"113":{"xOffset":0,"yOffset":18,"xAdvance":24,"rect":{"x":271,"y":59,"width":23,"height":28}},"114":{"xOffset":0,"yOffset":18,"xAdvance":14,"rect":{"x":397,"y":101,"width":13,"height":22}},"115":{"xOffset":0,"yOffset":18,"xAdvance":20,"rect":{"x":340,"y":149,"width":19,"height":23}},"116":{"xOffset":0,"yOffset":12,"xAdvance":16,"rect":{"x":397,"y":161,"width":15,"height":28}},"117":{"xOffset":0,"yOffset":18,"xAdvance":21,"rect":{"x":340,"y":96,"width":20,"height":22}},"118":{"xOffset":0,"yOffset":18,"xAdvance":23,"rect":{"x":246,"y":240,"width":22,"height":22}},"119":{"xOffset":0,"yOffset":18,"xAdvance":32,"rect":{"x":0,"y":29,"width":31,"height":22}},"120":{"xOffset":0,"yOffset":18,"xAdvance":25,"rect":{"x":198,"y":138,"width":24,"height":22}},"121":{"xOffset":0,"yOffset":18,"xAdvance":23,"rect":{"x":293,"y":370,"width":22,"height":28}},"122":{"xOffset":0,"yOffset":18,"xAdvance":18,"rect":{"x":379,"y":109,"width":17,"height":22}},"123":{"xOffset":0,"yOffset":12,"xAdvance":17,"rect":{"x":380,"y":259,"width":16,"height":37}},"124":{"xOffset":0,"yOffset":12,"xAdvance":11,"rect":{"x":411,"y":101,"width":10,"height":31}},"125":{"xOffset":0,"yOffset":12,"xAdvance":17,"rect":{"x":380,"y":297,"width":16,"height":37}},"126":{"xOffset":0,"yOffset":24,"xAdvance":20,"rect":{"x":0,"y":410,"width":19,"height":12}},"192":{"xOffset":0,"yOffset":4,"xAdvance":29,"rect":{"x":61,"y":70,"width":28,"height":36}},"193":{"xOffset":0,"yOffset":4,"xAdvance":29,"rect":{"x":90,"y":359,"width":28,"height":36}},"194":{"xOffset":0,"yOffset":5,"xAdvance":29,"rect":{"x":90,"y":72,"width":28,"height":35}},"195":{"xOffset":0,"yOffset":6,"xAdvance":29,"rect":{"x":62,"y":0,"width":28,"height":34}},"200":{"xOffset":0,"yOffset":4,"xAdvance":18,"rect":{"x":379,"y":72,"width":17,"height":36}},"201":{"xOffset":0,"yOffset":4,"xAdvance":18,"rect":{"x":379,"y":35,"width":17,"height":36}},"202":{"xOffset":0,"yOffset":5,"xAdvance":18,"rect":{"x":378,"y":389,"width":17,"height":35}},"204":{"xOffset":0,"yOffset":4,"xAdvance":14,"rect":{"x":397,"y":295,"width":13,"height":36}},"205":{"xOffset":0,"yOffset":4,"xAdvance":14,"rect":{"x":397,"y":32,"width":13,"height":36}},"210":{"xOffset":0,"yOffset":4,"xAdvance":30,"rect":{"x":30,"y":300,"width":29,"height":36}},"211":{"xOffset":0,"yOffset":4,"xAdvance":30,"rect":{"x":60,"y":325,"width":29,"height":36}},"212":{"xOffset":0,"yOffset":5,"xAdvance":30,"rect":{"x":60,"y":254,"width":29,"height":35}},"213":{"xOffset":0,"yOffset":6,"xAdvance":30,"rect":{"x":60,"y":178,"width":29,"height":34}},"217":{"xOffset":0,"yOffset":4,"xAdvance":23,"rect":{"x":293,"y":267,"width":22,"height":36}},"218":{"xOffset":0,"yOffset":4,"xAdvance":23,"rect":{"x":293,"y":333,"width":22,"height":36}},"221":{"xOffset":0,"yOffset":4,"xAdvance":25,"rect":{"x":148,"y":74,"width":24,"height":36}},"224":{"xOffset":0,"yOffset":9,"xAdvance":25,"rect":{"x":197,"y":246,"width":24,"height":32}},"225":{"xOffset":0,"yOffset":9,"xAdvance":25,"rect":{"x":198,"y":192,"width":24,"height":32}},"226":{"xOffset":0,"yOffset":10,"xAdvance":25,"rect":{"x":198,"y":106,"width":24,"height":31}},"227":{"xOffset":0,"yOffset":11,"xAdvance":25,"rect":{"x":198,"y":161,"width":24,"height":30}},"232":{"xOffset":0,"yOffset":9,"xAdvance":24,"rect":{"x":269,"y":307,"width":23,"height":31}},"233":{"xOffset":0,"yOffset":9,"xAdvance":24,"rect":{"x":247,"y":31,"width":23,"height":31}},"234":{"xOffset":0,"yOffset":10,"xAdvance":24,"rect":{"x":247,"y":0,"width":23,"height":30}},"236":{"xOffset":0,"yOffset":9,"xAdvance":14,"rect":{"x":397,"y":0,"width":13,"height":31}},"237":{"xOffset":0,"yOffset":9,"xAdvance":14,"rect":{"x":397,"y":69,"width":13,"height":31}},"242":{"xOffset":0,"yOffset":9,"xAdvance":24,"rect":{"x":245,"y":356,"width":23,"height":31}},"243":{"xOffset":0,"yOffset":9,"xAdvance":24,"rect":{"x":245,"y":324,"width":23,"height":31}},"244":{"xOffset":0,"yOffset":10,"xAdvance":24,"rect":{"x":245,"y":293,"width":23,"height":30}},"245":{"xOffset":0,"yOffset":11,"xAdvance":24,"rect":{"x":245,"y":263,"width":23,"height":29}},"249":{"xOffset":0,"yOffset":9,"xAdvance":21,"rect":{"x":340,"y":0,"width":20,"height":31}},"250":{"xOffset":0,"yOffset":9,"xAdvance":21,"rect":{"x":339,"y":237,"width":20,"height":31}},"253":{"xOffset":0,"yOffset":9,"xAdvance":23,"rect":{"x":293,"y":229,"width":22,"height":37}},"258":{"xOffset":0,"yOffset":6,"xAdvance":29,"rect":{"x":90,"y":108,"width":28,"height":34}},"259":{"xOffset":0,"yOffset":11,"xAdvance":25,"rect":{"x":196,"y":388,"width":24,"height":30}},"272":{"xOffset":0,"yOffset":12,"xAdvance":28,"rect":{"x":91,"y":0,"width":27,"height":28}},"273":{"xOffset":0,"yOffset":12,"xAdvance":26,"rect":{"x":119,"y":392,"width":25,"height":28}},"296":{"xOffset":0,"yOffset":6,"xAdvance":18,"rect":{"x":379,"y":0,"width":17,"height":34}},"297":{"xOffset":0,"yOffset":12,"xAdvance":18,"rect":{"x":380,"y":132,"width":17,"height":28}},"360":{"xOffset":0,"yOffset":6,"xAdvance":23,"rect":{"x":294,"y":194,"width":22,"height":34}},"361":{"xOffset":0,"yOffset":11,"xAdvance":21,"rect":{"x":340,"y":119,"width":20,"height":29}},"416":{"xOffset":0,"yOffset":8,"xAdvance":30,"rect":{"x":0,"y":252,"width":29,"height":32}},"417":{"xOffset":0,"yOffset":14,"xAdvance":24,"rect":{"x":221,"y":279,"width":23,"height":26}},"431":{"xOffset":0,"yOffset":8,"xAdvance":26,"rect":{"x":119,"y":359,"width":25,"height":32}},"432":{"xOffset":0,"yOffset":14,"xAdvance":25,"rect":{"x":170,"y":396,"width":24,"height":26}},"7840":{"xOffset":0,"yOffset":12,"xAdvance":29,"rect":{"x":90,"y":35,"width":28,"height":36}},"7841":{"xOffset":0,"yOffset":18,"xAdvance":25,"rect":{"x":198,"y":75,"width":24,"height":30}},"7842":{"xOffset":0,"yOffset":2,"xAdvance":29,"rect":{"x":119,"y":0,"width":28,"height":38}},"7843":{"xOffset":0,"yOffset":8,"xAdvance":25,"rect":{"x":198,"y":41,"width":24,"height":33}},"7844":{"xOffset":0,"yOffset":-1,"xAdvance":30,"rect":{"x":0,"y":210,"width":29,"height":41}},"7845":{"xOffset":0,"yOffset":6,"xAdvance":30,"rect":{"x":0,"y":174,"width":29,"height":35}},"7846":{"xOffset":0,"yOffset":-2,"xAdvance":29,"rect":{"x":90,"y":187,"width":28,"height":42}},"7847":{"xOffset":0,"yOffset":3,"xAdvance":25,"rect":{"x":196,"y":311,"width":24,"height":38}},"7848":{"xOffset":0,"yOffset":-3,"xAdvance":29,"rect":{"x":90,"y":143,"width":28,"height":43}},"7849":{"xOffset":0,"yOffset":4,"xAdvance":26,"rect":{"x":145,"y":283,"width":25,"height":37}},"7850":{"xOffset":0,"yOffset":-1,"xAdvance":29,"rect":{"x":90,"y":230,"width":28,"height":41}},"7851":{"xOffset":0,"yOffset":5,"xAdvance":25,"rect":{"x":173,"y":179,"width":24,"height":36}},"7852":{"xOffset":0,"yOffset":5,"xAdvance":29,"rect":{"x":90,"y":272,"width":28,"height":43}},"7853":{"xOffset":0,"yOffset":10,"xAdvance":25,"rect":{"x":173,"y":105,"width":24,"height":38}},"7854":{"xOffset":0,"yOffset":-2,"xAdvance":29,"rect":{"x":90,"y":316,"width":28,"height":42}},"7855":{"xOffset":0,"yOffset":4,"xAdvance":25,"rect":{"x":173,"y":35,"width":24,"height":37}},"7856":{"xOffset":0,"yOffset":-2,"xAdvance":29,"rect":{"x":119,"y":83,"width":28,"height":42}},"7857":{"xOffset":0,"yOffset":4,"xAdvance":25,"rect":{"x":171,"y":358,"width":24,"height":37}},"7858":{"xOffset":0,"yOffset":-3,"xAdvance":29,"rect":{"x":119,"y":39,"width":28,"height":43}},"7859":{"xOffset":0,"yOffset":2,"xAdvance":25,"rect":{"x":171,"y":279,"width":24,"height":39}},"7860":{"xOffset":0,"yOffset":-1,"xAdvance":29,"rect":{"x":119,"y":126,"width":28,"height":41}},"7861":{"xOffset":0,"yOffset":6,"xAdvance":25,"rect":{"x":148,"y":140,"width":24,"height":35}},"7862":{"xOffset":0,"yOffset":6,"xAdvance":29,"rect":{"x":119,"y":168,"width":28,"height":42}},"7863":{"xOffset":0,"yOffset":11,"xAdvance":25,"rect":{"x":196,"y":350,"width":24,"height":37}},"7864":{"xOffset":0,"yOffset":12,"xAdvance":18,"rect":{"x":379,"y":348,"width":17,"height":36}},"7865":{"xOffset":0,"yOffset":18,"xAdvance":24,"rect":{"x":269,"y":240,"width":23,"height":30}},"7866":{"xOffset":0,"yOffset":2,"xAdvance":18,"rect":{"x":379,"y":182,"width":17,"height":38}},"7867":{"xOffset":0,"yOffset":8,"xAdvance":24,"rect":{"x":247,"y":128,"width":23,"height":32}},"7868":{"xOffset":0,"yOffset":6,"xAdvance":18,"rect":{"x":361,"y":101,"width":17,"height":34}},"7869":{"xOffset":0,"yOffset":11,"xAdvance":24,"rect":{"x":247,"y":98,"width":23,"height":29}},"7870":{"xOffset":0,"yOffset":0,"xAdvance":25,"rect":{"x":198,"y":0,"width":24,"height":40}},"7871":{"xOffset":0,"yOffset":5,"xAdvance":28,"rect":{"x":119,"y":247,"width":27,"height":35}},"7872":{"xOffset":0,"yOffset":-2,"xAdvance":18,"rect":{"x":361,"y":29,"width":17,"height":42}},"7873":{"xOffset":0,"yOffset":4,"xAdvance":24,"rect":{"x":223,"y":107,"width":23,"height":36}},"7874":{"xOffset":0,"yOffset":-3,"xAdvance":21,"rect":{"x":339,"y":298,"width":20,"height":43}},"7875":{"xOffset":0,"yOffset":3,"xAdvance":24,"rect":{"x":223,"y":38,"width":23,"height":37}},"7876":{"xOffset":0,"yOffset":0,"xAdvance":19,"rect":{"x":360,"y":348,"width":18,"height":40}},"7877":{"xOffset":0,"yOffset":5,"xAdvance":24,"rect":{"x":221,"y":306,"width":23,"height":35}},"7878":{"xOffset":0,"yOffset":5,"xAdvance":18,"rect":{"x":361,"y":182,"width":17,"height":43}},"7879":{"xOffset":0,"yOffset":10,"xAdvance":24,"rect":{"x":221,"y":342,"width":23,"height":38}},"7880":{"xOffset":0,"yOffset":2,"xAdvance":13,"rect":{"x":411,"y":0,"width":12,"height":38}},"7881":{"xOffset":0,"yOffset":8,"xAdvance":12,"rect":{"x":411,"y":39,"width":11,"height":32}},"7882":{"xOffset":0,"yOffset":12,"xAdvance":11,"rect":{"x":411,"y":295,"width":10,"height":36}},"7883":{"xOffset":0,"yOffset":12,"xAdvance":10,"rect":{"x":412,"y":248,"width":9,"height":36}},"7884":{"xOffset":0,"yOffset":12,"xAdvance":30,"rect":{"x":0,"y":372,"width":29,"height":36}},"7885":{"xOffset":0,"yOffset":18,"xAdvance":24,"rect":{"x":223,"y":76,"width":23,"height":30}},"7886":{"xOffset":0,"yOffset":2,"xAdvance":30,"rect":{"x":30,"y":174,"width":29,"height":38}},"7887":{"xOffset":0,"yOffset":8,"xAdvance":24,"rect":{"x":221,"y":381,"width":23,"height":32}},"7888":{"xOffset":0,"yOffset":0,"xAdvance":31,"rect":{"x":0,"y":104,"width":30,"height":40}},"7889":{"xOffset":0,"yOffset":5,"xAdvance":28,"rect":{"x":119,"y":211,"width":27,"height":35}},"7890":{"xOffset":0,"yOffset":-2,"xAdvance":30,"rect":{"x":30,"y":213,"width":29,"height":42}},"7891":{"xOffset":0,"yOffset":3,"xAdvance":24,"rect":{"x":222,"y":225,"width":23,"height":37}},"7892":{"xOffset":0,"yOffset":-3,"xAdvance":30,"rect":{"x":30,"y":256,"width":29,"height":43}},"7893":{"xOffset":0,"yOffset":3,"xAdvance":24,"rect":{"x":223,"y":0,"width":23,"height":37}},"7894":{"xOffset":0,"yOffset":0,"xAdvance":30,"rect":{"x":32,"y":29,"width":29,"height":40}},"7895":{"xOffset":0,"yOffset":5,"xAdvance":24,"rect":{"x":269,"y":271,"width":23,"height":35}},"7896":{"xOffset":0,"yOffset":5,"xAdvance":30,"rect":{"x":30,"y":337,"width":29,"height":43}},"7897":{"xOffset":0,"yOffset":10,"xAdvance":24,"rect":{"x":247,"y":161,"width":23,"height":38}},"7898":{"xOffset":0,"yOffset":4,"xAdvance":30,"rect":{"x":31,"y":104,"width":29,"height":36}},"7899":{"xOffset":0,"yOffset":9,"xAdvance":24,"rect":{"x":223,"y":144,"width":23,"height":31}},"7900":{"xOffset":0,"yOffset":4,"xAdvance":30,"rect":{"x":60,"y":141,"width":29,"height":36}},"7901":{"xOffset":0,"yOffset":9,"xAdvance":24,"rect":{"x":223,"y":176,"width":23,"height":31}},"7902":{"xOffset":0,"yOffset":2,"xAdvance":30,"rect":{"x":60,"y":362,"width":29,"height":38}},"7903":{"xOffset":0,"yOffset":8,"xAdvance":24,"rect":{"x":245,"y":388,"width":23,"height":32}},"7904":{"xOffset":0,"yOffset":6,"xAdvance":30,"rect":{"x":60,"y":290,"width":29,"height":34}},"7905":{"xOffset":0,"yOffset":9,"xAdvance":24,"rect":{"x":246,"y":208,"width":23,"height":31}},"7906":{"xOffset":0,"yOffset":8,"xAdvance":30,"rect":{"x":60,"y":213,"width":29,"height":40}},"7907":{"xOffset":0,"yOffset":14,"xAdvance":24,"rect":{"x":247,"y":63,"width":23,"height":34}},"7908":{"xOffset":0,"yOffset":12,"xAdvance":23,"rect":{"x":295,"y":0,"width":22,"height":36}},"7909":{"xOffset":0,"yOffset":18,"xAdvance":21,"rect":{"x":340,"y":65,"width":20,"height":30}},"7910":{"xOffset":0,"yOffset":2,"xAdvance":23,"rect":{"x":295,"y":95,"width":22,"height":38}},"7911":{"xOffset":0,"yOffset":8,"xAdvance":21,"rect":{"x":340,"y":32,"width":20,"height":32}},"7912":{"xOffset":0,"yOffset":4,"xAdvance":26,"rect":{"x":145,"y":358,"width":25,"height":36}},"7913":{"xOffset":0,"yOffset":9,"xAdvance":25,"rect":{"x":196,"y":279,"width":24,"height":31}},"7914":{"xOffset":0,"yOffset":4,"xAdvance":26,"rect":{"x":145,"y":321,"width":25,"height":36}},"7915":{"xOffset":0,"yOffset":9,"xAdvance":25,"rect":{"x":173,"y":73,"width":24,"height":31}},"7916":{"xOffset":0,"yOffset":2,"xAdvance":26,"rect":{"x":147,"y":211,"width":25,"height":38}},"7917":{"xOffset":0,"yOffset":8,"xAdvance":25,"rect":{"x":148,"y":176,"width":24,"height":32}},"7918":{"xOffset":0,"yOffset":6,"xAdvance":26,"rect":{"x":119,"y":324,"width":25,"height":34}},"7919":{"xOffset":0,"yOffset":11,"xAdvance":25,"rect":{"x":173,"y":216,"width":24,"height":29}},"7920":{"xOffset":0,"yOffset":8,"xAdvance":26,"rect":{"x":119,"y":283,"width":25,"height":40}},"7921":{"xOffset":0,"yOffset":14,"xAdvance":25,"rect":{"x":173,"y":144,"width":24,"height":34}},"7922":{"xOffset":0,"yOffset":4,"xAdvance":25,"rect":{"x":148,"y":37,"width":24,"height":36}},"7923":{"xOffset":0,"yOffset":9,"xAdvance":23,"rect":{"x":317,"y":170,"width":22,"height":37}},"7924":{"xOffset":0,"yOffset":12,"xAdvance":25,"rect":{"x":148,"y":0,"width":24,"height":36}},"7925":{"xOffset":0,"yOffset":18,"xAdvance":23,"rect":{"x":316,"y":229,"width":22,"height":30}},"7926":{"xOffset":0,"yOffset":2,"xAdvance":25,"rect":{"x":171,"y":319,"width":24,"height":38}},"7927":{"xOffset":0,"yOffset":8,"xAdvance":23,"rect":{"x":316,"y":347,"width":22,"height":38}},"7928":{"xOffset":0,"yOffset":6,"xAdvance":25,"rect":{"x":173,"y":0,"width":24,"height":34}},"7929":{"xOffset":0,"yOffset":11,"xAdvance":23,"rect":{"x":295,"y":134,"width":22,"height":35}}},"kerningDict":{"4259879":-6,"4259907":-4,"4259911":-4,"4259919":-4,"4259921":-4,"4259924":-6,"4259925":-3,"4259926":-9,"4259927":-7,"4259929":-8,"4259939":-3,"4259940":-3,"4259941":-3,"4259943":-2,"4259951":-3,"4259952":-1,"4259953":-3,"4259956":-4,"4259957":-2,"4259958":-7,"4259959":-6,"4259961":-7,"4325420":-1,"4325422":-1,"4325441":-3,"4325445":-1,"4325452":-1,"4325456":-1,"4325458":-1,"4325461":-1,"4325462":-4,"4325463":-4,"4325465":-4,"4325474":-1,"4325481":-1,"4325483":-1,"4325484":-1,"4325490":-1,"4325493":-1,"4325497":-3,"4390956":-2,"4390958":-2,"4390977":-4,"4390991":-1,"4390994":-1,"4391009":-1,"4391026":-1,"4456492":-2,"4456494":-2,"4456513":-4,"4456516":-1,"4456517":-1,"4456521":-1,"4456524":-1,"4456525":-1,"4456526":-1,"4456527":-1,"4456528":-1,"4456530":-1,"4456533":-1,"4456534":-3,"4456535":-3,"4456537":-4,"4456545":-1,"4522051":-1,"4522063":-1,"4522101":-1,"4522102":-1,"4587564":-8,"4587566":-8,"4587578":-1,"4587579":-1,"4587585":-4,"4587587":-1,"4587591":-1,"4587599":-1,"4587617":-1,"4587621":-1,"4587625":-1,"4587631":-1,"4587634":-1,"4587636":-1,"4587637":-1,"4587641":-1,"4653125":-1,"4653135":-1,"4653138":-1,"4653141":-1,"4653173":-1,"4718671":-1,"4718693":-1,"4718703":-1,"4718709":-1,"4718713":-1,"4784195":-1,"4784199":-1,"4784207":-1,"4784227":-1,"4784228":-1,"4784239":-1,"4784241":-1,"4784244":-1,"4849708":-1,"4849710":-1,"4849729":-2,"4849743":-1,"4849761":-1,"4849765":-1,"4849775":-1,"4849781":-1,"4915279":-5,"4915301":-4,"4915311":-4,"4915317":-2,"4980775":-8,"4980803":-2,"4980807":-2,"4980815":-2,"4980820":-6,"4980821":-1,"4980822":-7,"4980823":-6,"4980825":-8,"4980853":-1,"4980857":-5,"5046343":-1,"5046351":-1,"5046369":-1,"5046371":-1,"5046372":-1,"5046373":-1,"5046383":-1,"5111852":-1,"5111854":-1,"5111875":-1,"5111879":-1,"5111887":-1,"5111905":-1,"5111909":-1,"5111913":-1,"5111919":-1,"5111925":-1,"5177388":-2,"5177390":-2,"5177409":-4,"5177410":-1,"5177412":-1,"5177413":-1,"5177414":-1,"5177416":-1,"5177417":-1,"5177419":-1,"5177420":-1,"5177421":-1,"5177422":-1,"5177424":-1,"5177426":-1,"5177428":-2,"5177429":-1,"5177430":-3,"5177431":-3,"5177432":-5,"5177433":-4,"5177441":-1,"5177442":-1,"5177448":-1,"5177451":-1,"5177452":-1,"5242924":-10,"5242926":-10,"5242938":-1,"5242939":-1,"5242945":-6,"5242949":-1,"5242956":-1,"5242959":-1,"5242960":-1,"5242965":-1,"5242969":-3,"5242977":-1,"5242981":-1,"5242991":-1,"5308501":-2,"5374019":-1,"5374023":-1,"5374036":-1,"5374037":-1,"5374038":-3,"5374039":-2,"5374041":-3,"5374052":-1,"5374053":-1,"5374063":-1,"5374068":-1,"5374069":-1,"5439532":-1,"5439534":-1,"5439561":-1,"5439565":-1,"5439572":-2,"5439573":-1,"5439593":-1,"5439600":-1,"5439605":-1,"5505068":-6,"5505070":-6,"5505082":-1,"5505083":-1,"5505089":-6,"5505091":-2,"5505103":-2,"5505121":-5,"5505123":-5,"5505125":-5,"5505129":-1,"5505135":-5,"5505138":-1,"5505139":-4,"5505141":-1,"5505143":-1,"5505145":-1,"5570604":-1,"5570606":-1,"5570625":-3,"5570627":-1,"5570631":-1,"5570639":-1,"5570643":-1,"5570657":-1,"5570663":-1,"5570669":-1,"5570670":-1,"5570672":-1,"5570675":-1,"5636140":-7,"5636142":-7,"5636154":-3,"5636155":-3,"5636161":-9,"5636163":-4,"5636167":-4,"5636175":-4,"5636179":-4,"5636193":-5,"5636197":-5,"5636201":-1,"5636207":-5,"5636210":-3,"5636213":-3,"5701676":-6,"5701678":-6,"5701690":-2,"5701691":-2,"5701697":-7,"5701699":-3,"5701703":-3,"5701711":-3,"5701732":-3,"5701737":-1,"5701741":-2,"5701746":-2,"5701748":-2,"5701749":-2,"5701753":-2,"5767265":-4,"5767269":-4,"5767279":-4,"5767285":-2,"5767289":-5,"5832748":-8,"5832750":-8,"5832762":-3,"5832763":-3,"5832769":-8,"5832771":-4,"5832783":-4,"5832787":-4,"5832804":-5,"5832805":-5,"5832809":-1,"5832816":-3,"5832821":-3,"5832822":-3,"5898319":-2,"6357091":-1,"6357092":-1,"6357093":-1,"6357094":-1,"6357095":-1,"6357104":-1,"6357108":-1,"6357109":-1,"6357110":-1,"6357111":-1,"6357113":-1,"6422572":-1,"6422574":-1,"6422636":-1,"6422642":-1,"6422645":-1,"6422649":-2,"6488161":-1,"6488168":-1,"6488171":-1,"6553644":-1,"6553646":-1,"6553697":-1,"6553699":-1,"6553701":-1,"6553703":-1,"6553711":-1,"6553716":-1,"6553717":-1,"6553718":-1,"6553719":-1,"6553721":-1,"6619180":-2,"6619182":-2,"6619233":-1,"6619241":-1,"6619244":-1,"6619245":-1,"6619246":-1,"6619248":-1,"6619250":-1,"6619252":-2,"6619253":-1,"6619254":-4,"6619255":-3,"6619257":-3,"6684716":-3,"6684718":-3,"6684769":-1,"6684773":-1,"6684774":-1,"6684777":-1,"6684780":-1,"6684783":-1,"6750252":-1,"6750254":-1,"6750305":-1,"6750309":-1,"6750311":-1,"6750312":-1,"6750316":-1,"6750319":-1,"6815843":-1,"6815844":-1,"6815845":-1,"6815847":-1,"6815855":-1,"6815856":-1,"6815860":-1,"6815861":-1,"6815862":-3,"6815863":-2,"6815865":-2,"6881379":-1,"6881380":-1,"6881381":-1,"6881383":-1,"6881391":-1,"6881392":-1,"6881396":-1,"6881397":-1,"6881398":-1,"6946860":-1,"6946862":-1,"6946913":-1,"6946917":-1,"6946927":-1,"6946933":-1,"7012449":-4,"7012451":-4,"7012452":-4,"7012453":-4,"7012455":-2,"7012463":-4,"7077985":-1,"7077987":-1,"7077988":-1,"7077989":-1,"7077990":-1,"7077991":-1,"7077999":-1,"7078000":-1,"7078001":-1,"7078005":-1,"7078006":-1,"7078007":-1,"7078009":-1,"7143521":-1,"7143523":-1,"7143524":-1,"7143525":-1,"7143527":-1,"7143534":-1,"7143535":-1,"7143536":-1,"7143540":-1,"7143541":-1,"7143542":-3,"7143545":-2,"7209059":-1,"7209060":-1,"7209061":-1,"7209063":-1,"7209071":-1,"7209072":-1,"7209076":-1,"7209077":-1,"7209078":-3,"7209079":-2,"7209081":-2,"7274540":-1,"7274542":-1,"7274594":-1,"7274598":-2,"7274600":-1,"7274602":-3,"7274603":-1,"7274604":-1,"7274605":-1,"7274606":-1,"7274608":-1,"7274610":-1,"7274613":-1,"7274614":-3,"7274615":-3,"7274616":-4,"7274617":-3,"7340076":-1,"7340078":-1,"7340129":-1,"7340136":-1,"7340137":-1,"7340140":-1,"7340144":-1,"7340149":-1,"7405685":-1,"7471148":-5,"7471150":-5,"7471201":-1,"7471204":-1,"7471205":-1,"7471207":-1,"7471211":-1,"7471212":-1,"7471213":-1,"7471214":-1,"7471215":-1,"7471217":-1,"7471218":-1,"7471220":-1,"7471222":-1,"7471225":-1,"7536684":-1,"7536686":-1,"7536744":-1,"7536756":-1,"7536757":-1,"7602220":-4,"7602222":-4,"7602273":-1,"7602276":-1,"7602277":-1,"7602287":-1,"7667809":-1,"7667811":-1,"7667812":-1,"7667813":-1,"7667815":-1,"7667823":-1,"7667824":-1,"7667825":-1,"7667828":-1,"7667830":-1,"7667831":-1,"7667833":-1,"7733292":-5,"7733294":-5,"7733345":-2,"7733346":-1,"7733347":-2,"7733348":-2,"7733349":-2,"7733351":-2,"7733359":-2,"7733366":-1,"7733369":-1,"7798828":-4,"7798830":-4,"7798881":-2,"7798884":-2,"7798885":-2,"7798887":-2,"7798888":-1,"7798895":-2,"7798904":-2,"7864417":-4,"7864421":-4,"7864431":-4,"7929900":-5,"7929902":-5,"7929953":-2,"7929955":-2,"7929956":-2,"7929957":-2,"7929967":-2}}]],0,0,[0],[0],[0]]